lgu,region,year,city,cash_and_cash_equivalents,receivables,inventories,prepayments_and_deferred_charges,investments,investment_property,property_plant_and_equipment,total_current_assets,non-current_assets,intangible_assets,financial_liabilities,inter-agency_payables,trust_liabilities,deferred_credits_unearned_income,other_payables,total_current_liabilities,non-current_liabilities,total_non-current_liabilities,total_liabilities,government_equity,share_from_internal_revenue_collections,other_share_from_national_taxes,service_and_business_income,shares_grants_and_donations,other_gains_and_losses,miscellaneous_income,losses,personnel_services,maintenance_and_other_operating_expenses,non-cash_expenses,financial_expenses,deduct:,transfers_assistance_and_subsidy_from,transfers_assistance_and_subsidy_to,current_operating_expenses,balance_at_january_1,add_(deduct),restated_balance,add_(deduct)_changes_in_net_assets_equity,adjustment_of_net_revenue_recognized_directly_in_net_asset_equity,prior_period_adjustments,surplus_(deficit)_for_the_period,total,balance_at_december_31,see_accompanying_notes_to_financial_statements,transfer_of_ppe_from_trust_fund_general_fund_otherfund,prior_period_errors,prior_year's_adjustments,cash_flow_from_operating_activities,net_cash_flows_from_operating_activities,cash_flows_from_investing_activities,net_cash_flows_from_investing_activities,cash_flows_from_financing_activities,net_cash_flows_from_financing__activities,total_cash_provided_by_operating_investing_and_financing_activities,add_:_cash_at_the_beginning_of_the_year,cash_balance_ending,cash_inflows,total_cash_inflows,cash_outflows,total_cash_outflows,cash_inflows,collection_from_taxpayers,share_from_internal_revenue_allotment,receipts_from_business_services_income,interest_income,other_receipts,payment_to_suppliers_and_creditors,payment_to_employees,interest_expense,other_expenses,proceeds_from_sale_disposal_of_property_plant_and_equipment,purchase_construction_of_property_plant_and_equipment,investment,purchase_of_intangible_assets,proceeds_from_loans,payment_of_loan_amortization,particulars,revenue,total_revenues_and_receipts,expenditures,sub-total,total_expenditures,general_public_services,education,health_nutrition_and_population_control,labor_and_employment,housing_and_community_development,economic_services,other_purposes:,debt_service,ldrrmf,20%_development_fund,continuing_appropriations,social_services_and_social_welfare,local__sources,tax_revenue,total_tax_revenue,non-tax_revenue,total_non-tax_revenue,external_sources,share_from_the_national_internal_revenue_taxes_(ira),share_from_goccs,3._other_shares_from_national_tax_collections,4._other_receipts,5._capital__investment_receipts,receipts_from_borrowings,personal_services,capital_outlay,financial_expense,amortization,cash_local_treasury,petty_cash,cash_in_bank_local_currency_current_account,cash_in_bank_local_currency_savings_account,cash_in_bank_local_currency_time_deposits,accounts_receivable,real_property_tax_receivable,special_education_tax_receivable,interests_receivable,operating_lease_receivable,due_from_ngas,due_from_goccs,due_from__lgus,due_from_other_funds,advances_for_payroll,advances_to_special_disbursing_officer,advances_to_officers_and_employees,due_from_officers_and_employees,other_receivables,welfare_goods_for_distribution,other_supplies_and_materials_for_distribution,office_supplies_inventory,accountable_forms_plates_and_stickers,non-accountable_forms_inventory,food_supplies_inventory,drugs_and_medicines_inventory,medical_dental_and_laboratory_supplies_inventory,agricultural_and_marine_supplies_inventory,textbooks_and_instructional_materials_inventory,chemical_and_filtering_supplies_inventory,other_supplies_and_materials_inventory,advances_to_contractors,prepaid_insurance,other_prepayments,discount_on_advance_payments,investments_in_stocks,guaranty_deposits,other_investments,investments_in_joint_venture,investment_property_buildings,accumulated_depreciation_investment_property_buildings,construction_in_progress_investment_property_buildings,land,other_land_improvements,accumulated_depreciation-other_land_improvements,road_networks,accumulated_depreciation-road_networks,flood_control_systems,accumulated_depreciation-flood_control_systems,water_supply_systems,accumulated_depreciation-water_supply_systems,power_supply_systems,accumulated_depreciation-power_supply_systems,communication_networks,accumulated_depreciation-communication_networks,parks_plazas_and_monuments,accumulated_depreciation-parks_plazas_and_monuments,other_infrastructure_assets,accumulated_depreciation-other_infrastructure_assets,buildings,accumulated_depreciation-buildings,school_buildings,accumulated_depreciation-school_buildings,hospitals_and_health_centers,accumulated_depreciation-hospitals_and_health_centers,markets,accumulated_depreciation-markets,other_structures,accumulated_depreciation-other_structures,machinery,accumulated_depreciation-machinery,office_equipment,accumulated_depreciation-office_equipment,information_and_communication_technology_equipment,accumulated_depreciation-information_and_communication_technology_equipment,communication_equipment,accumulated_depreciation-communication_equipment,construction_and_heavy_equipment,accumulated_depreciation-construction_and_heavy_equipment,disaster_response_and_rescue_equipment,accumulated_depreciation-disaster_response_and_rescue_equipment,military_police_and_security_equipment,accumulated_depreciation-military_police_and_security_equipment,medical_equipment,accumulated_depreciation-medical_equipment,sports_equipment,accumulated_depreciation-sports_equipment,technical_and_scientific_equipment,accumulated_depreciation-technical_and_scientific_equipment,other_machinery_and_equipment,accumulated_depreciation-other_machinery_and_equipment,motor_vehicles,accumulated_depreciation-motor_vehicles,watercrafts,accumulated_depreciation-watercrafts,other_transportation_equipment,accumulated_depreciation-other_transportation_equipment,furniture_and_fixtures,accumulated_depreciation-furniture_and_fixtures,books,accumulated_depreciation-books,construction_in_progress_land_improvements,construction_in_progress_infrastructures_assets,construction_in_progress_buildings_and_other_structures,other_property_plant_and_equipment,accumulated_depreciation_other_property_plant_and_equipment,computer_software,accumulated_amortization_computer_software,accounts_payable,due_to_officers_and_employees,interest_payable,leave_benefits_payable,total_payables,loans_payable_domestic,total_bills_bonds_loans_payable,due_to_bir,due_to_gsis,due_to_pag-ibig,due_to_philhealth,due_to_ngas,due_to_goccs,due_to_lgus,due_to_other_funds,trust_liabilities_disaster_risk_reduction_and_management_fund,guaranty_security_deposits_payable,customers'_deposits_payable,deferred_real_property_tax,deferred_special_education_tax,unearned_revenue_investment_property,other_deferred_credits,total_assets,net_assets_equity,professional_tax,community_tax,real_property_tax-_basic,discount_on_real_property_tax-_basic,special_education_tax,discount_on_special_education_tax,real_property_transfer_tax,business_tax,tax_on_delivery__trucks_and_vans,amusement_tax,franchise_tax,printing_and_publication_tax,other_taxes,tax_revenue_fines_and_penalties_taxes_on_individual_and_corporation,tax_revenue_fines_and_penalties_property_taxes,tax_revenue_fines_and_penalties_taxes_on_goods_and_services,tax_revenue_fines_and_penalties_other_taxes,permit_fees,registration_fees,registration_plates_tags_and_stickers_fees,clearance_and_certification_fees,supervision_and_regulation_enforcement_fees,inspection_fees,verification_and_authentication_fees,processing_fees,occupation_fees,fees_for_sealing__and_licensing_of_weights_and_measures,fines_and_penalties_service_income,other_service_income,school_fees,rent_income,waterworks_system_fees,parking_fees,receipt_from_market_operations,receipt_from_slaughterhouse_operation,receipt_from_cemetery_operations,receipts_from_printing_and_publication,garbage_fees,hospital_fees,share_in_the_profit_of_joint_venture,fines_and_penalties_business_income,other_business_income,total_service_and_business_income,share_from_pcso,grants_and_donations_in_cash,grants_and_donations_in_kind,total_shares_grants_and_donations,salaries_and_wages_regular,salaries_and_wages_casual_contractual,personal_economic_relief_allowance_(pera),representation_allowance_(ra),transportation_allowance_(ta),clothing_uniform_allowance,subsistence_allowance,laundry__allowance,productivity_incentive_allowance,honoraria,hazard_pay,overtime_and_night_pay,year_end_bonus,cash_gift,other_bonuses_and_allowances,retirement_and_life_insurance_premiums,pag-ibig_contributions,philhealth_contributions,employees_compensation_insurance_premiums,terminal_leave_benefits,other_personnel_benefits,traveling_expenses_local,training_expenses,office_supplies_expenses,accountable_forms_expenses,non-accountable_forms_expenses,animal_zoological_supplies_expenses,food_supplies_expenses,welfare_goods_expenses,drugs_and_medicines_expenses,medical_dental_and_laboratory_supplies_expenses,fuel_oil_and_lubricants_expenses,agricultural_and_marine_supplies_expenses,textbooks_and_instructional_materials_expenses,chemical_and_filtering_supplies_expenses,other_supplies_and_materials_expenses,water_expenses,electricity_expenses,postage_and_courier_services,telephone_expenses,internet_subscription_expenses,cable_satellite_telegraph_and_radio_expenses,prizes,confidential_expenses,extraordinary_and_miscellaneous_expenses,environment_sanitary_services,security_services,other_general_services,repairs_and_maintenance_infrastructure_assets,repairs_and_maintenance_buildings_and_other_structures,repairs_and_maintenance_machinery_and_equipment,repairs_and_maintenance_transportation_equipment,repairs_and_maintenance_furniture_and__fixtures,repairs_and_maintenance_other_property_plant_and_equipment,taxes_duties_and_licenses,fidelity_bond_premiums,insurance_expenses,advertising_expenses,printing_and_publication_expenses,representation_expenses,rent_expenses,membership_dues_and_contributions_to_organizations,subscription_expenses,donations,other_maintenance_and_operating_expenses,interest_expenses,bank_charges,other_financial_charges,depreciation_investment_property,depreciation_land_improvements,depreciation_infrastructure_assets,depreciation_buildings_and_other_structures,depreciation_machinery__and_equipment,depreciation_transportation_equipment,depreciation_furniture_fixtures_and_books,depreciation_other_property_plant_and_equipment,amortization_intangible_assets,loss_on_sale_of_property_plant_and_equipment,total_transfers_assistance_and_subsidy_from,total_transfers_assistance_and_subsidy_to,change_in_accounting_policy,adjustment_of_net_revenue_recognized_directly_in_net_assets_equity,collection_from_taxpayers,receipts_from_business_service_income,proceeds_from_sale_of_investment_property,non-tax_revenue,tax_revenue_property,tax_revenue_goods_and_services,other_local_taxes,service_income,business_income,other_income_and_receipts,share_from_ecozone,share_from_evat,share_from_national_wealth,grants_and_donations,other_subsidy_income,proceeds_from_collections_of_loan_receivables,business_income,inventories_other_supplies
Caloocan City,NCR,2022,1,7396833335.21,5950302208.52,893857267.54,271790915.89,16288840.65,384340739.87,11547483788.24,NA,NA,22084050.18,2702042468.44,676066785.46,382700169.97,6325628950.64,164374682.82,10250813057.33,NA,1538086708.7,11788899766.03,14724081380.07,4564669577,4073851.26,614281040.55,11299029.06,NA,209896.49,9184504.13,1420381937.9,3089031992.75,1117551360.57,88596765.14,NA,163375342.88,470301851.52,5715562056.36,12740260350.5,NA,12740260350.5,NA,123908.299999997,12797661,NA,10250813057.33,14724081380.07,NA,NA,117133510.76,NA,NA,3370532659.3,676861818.15,676861818.15,NA,312787254.46,NA,NA,7396833335.21,9655811417.59,9655811417.59,NA,6285278758.29,NA,2635651843.66,4423452577,533444906.44,43261342.81,2020000747.68,2176129975.34,1535916910.45,77423533.03,2495808339.47,1658000,678519818.15,16288840.65,142400,152003280.08,464790534.54,NA,4564669577,9608602997.330002,NA,9608602997.330986,11123482547.970984,NA,NA,NA,NA,NA,NA,NA,NA,NA,NA,NA,NA,NA,2811652291.91,4097239944.51,NA,919193475.82,NA,NA,15000000,NA,NA,NA,152003280.07999998,854942422.9509859,123664773,88596765.14,672532657.7199999,NA,NA,NA,NA,NA,NA,NA,NA,NA,NA,NA,NA,NA,NA,NA,NA,NA,NA,NA,NA,NA,NA,NA,NA,NA,NA,NA,NA,NA,NA,NA,NA,NA,NA,NA,NA,NA,NA,NA,NA,NA,NA,NA,NA,NA,NA,NA,NA,NA,NA,NA,NA,NA,NA,NA,NA,NA,NA,NA,NA,NA,NA,NA,NA,NA,NA,NA,NA,NA,NA,NA,NA,NA,NA,NA,NA,NA,NA,NA,NA,NA,NA,NA,NA,NA,NA,NA,NA,NA,NA,NA,NA,NA,NA,NA,NA,NA,NA,NA,NA,NA,NA,NA,NA,NA,NA,NA,NA,NA,NA,NA,NA,NA,NA,NA,NA,NA,NA,NA,NA,NA,NA,NA,NA,NA,NA,NA,NA,NA,NA,NA,NA,NA,NA,NA,NA,NA,NA,NA,NA,NA,NA,NA,NA,NA,NA,NA,NA,NA,NA,NA,NA,NA,NA,NA,NA,NA,NA,NA,NA,NA,NA,NA,NA,NA,NA,NA,NA,NA,NA,NA,NA,NA,NA,NA,NA,NA,NA,NA,NA,NA,NA,NA,NA,NA,NA,NA,NA,NA,NA,NA,NA,NA,NA,NA,NA,NA,NA,NA,NA,NA,NA,NA,NA,NA,NA,NA,NA,NA,NA,NA,NA,NA,NA,NA,NA,NA,NA,NA,NA,NA,NA,NA,NA,NA,NA,NA,NA,NA,NA,NA,NA,NA,NA,NA,NA,NA,NA,NA,NA,NA,NA,11299029.06,NA,NA,NA,NA,NA,NA,NA,NA,NA,NA,NA,NA,NA,NA,NA,NA,NA,NA,NA,NA,NA,NA,1231939617.3,2423227138.08,442073189.13,299665354.68,614281040.55,313480788.28,2500000,5000000,4120,11299029.06,156900324.07,NA,NA,NA
Las Pinas City,NCR,2022,1,5879073468.49,2864017833.03,156216873.35,31527603.29,960155,NA,4297660760.990001,8931795933.160004,NA,NA,135083079.96,306113357.55,141892266.14000002,3299076728.75,151932791.8,583088703.65,NA,3451009520.55,4034098224.2,9195358469.95,1922811874,NA,321282935.48,36404226.99,NA,23617413.61,NA,902210990.94,2010085832.77,220638595.03,NA,11779000,NA,NA,3132935418.74,7916632965.33,NA,6465532611.49,NA,NA,19795443.27,NA,8931795933.160004,9195358469.95,NA,NA,NA,NA,NA,1102451827.5200007,477396038.15,477396038.15,NA,NA,NA,NA,NA,4296686933.7300005,4296686933.7300005,NA,3194235106.21,NA,NA,1922811874,NA,3041191,413475285.45,NA,NA,NA,354253556.33000004,NA,NA,960155,NA,NA,NA,2022,1922811874,3775000000,NA,31470132.24,NA,NA,1935708573.77,NA,NA,NA,NA,NA,NA,NA,NA,NA,NA,NA,1827278110.79,1564789122.81,718154078.55,287399003.19,NA,NA,NA,NA,NA,NA,NA,NA,44801000,NA,2023719.21,40117148.08,37438.67,NA,NA,NA,3000802.87,910210734.81,1935708573.77,NA,NA,6897580.12,NA,NA,9483.87,NA,52459,10000,22000,2187611.85,5496935,NA,NA,NA,NA,NA,NA,10240929.45,NA,NA,NA,NA,18972321.75,8227685.24,4130843.31,62417863.52,NA,958500,NA,NA,NA,NA,NA,5827950406.88,NA,NA,724555705.99,NA,409385570.91,NA,19904452.28,NA,NA,NA,NA,NA,54239474.98,NA,71019810.74,NA,84828896.04,NA,92147564.01,NA,NA,NA,3846145.49,NA,84828896.04,NA,1870908.5,NA,46862870.71,NA,73290533.69,NA,29769587.13,NA,30661167.97,NA,39654484.18,NA,8315444.66,NA,23186726.68,NA,NA,NA,6929994.38,NA,NA,NA,250195810.98,NA,7514028,NA,3480000,NA,22056144.02,NA,2449877.29,NA,NA,NA,NA,15588860.14,NA,NA,NA,121336758.27,270736.47,NA,NA,NA,NA,NA,24093890.83,14714801.64,1687408.52,1645057.51,NA,273776,93575725.46,9483.87,NA,14867296.35,NA,1109072966.6,2165458244.22,NA,18359962.5,13229456694.150002,13229456694.150002,NA,19458489.31,NA,NA,1935708573.77,59950579.61,173891626.16,845449698.75,NA,11556225.02,31543020.33,1136852.54,119120.93,218746.69,41418649.69,14173723.19,119120.93,169293567.18,5001637,NA,14522953.06,NA,23820790.7,NA,11023350,1200,NA,NA,23520,NA,NA,NA,NA,NA,NA,NA,NA,76320334.15999998,2550,NA,NA,NA,304507634.46,3230026.59,150000,33174200.4,163691544.35,191289986.82,NA,NA,NA,NA,11904000,1827550,NA,5986000,4381500,15791683.21,23346449.16,97317663.62,16707400,16678174.08,58018494.36,2448300,9409598.66,2448500,45011155.36,NA,NA,37887784.61,26004153.35,1953324,NA,NA,5328830.14,67781970,205793128.02,NA,49237511.63,438159.5,112283339.63,2100000,47952279.08,20635520.69,88207130.81999998,994000,2323187.87,7455269.36,NA,379900,NA,NA,202657981.05,22619250,218742652.24,NA,NA,NA,NA,NA,NA,1374191.82,330607.5,338055.58,298960.68,499680,NA,60000,871600,7455269.36,36404226.99,199909622.06,NA,3000,NA,NA,NA,78763178.56999998,NA,NA,NA,NA,NA,NA,NA,NA,NA,NA,53791351.69,NA,NA,NA,NA,695794946.62,833032033.84,35962142.35,207565319.21,321282935.48,14840802.61,NA,NA,3230026.59,36404226.99,NA,NA,NA,NA
Makati City,NCR,2022,1,21996702441.13,6780247616.37,1148769165.1,373171714.4,3897268.9,NA,197699541916.12,30302788205.9,NA,66175405.39,4359486593.47,432593833.38,2030969821.68,7901363227.47,313451700.19,15037865176.19,NA,656655400,15694520576.19,222567051764.4,NA,317054500.2,2320390168.68,196599186.35,NA,21292663.03,82385620.83,4924097818.35,11949756493.1,2764043213.7,12827184.96,NA,NA,NA,NA,2022,NA,223131401735.02,NA,NA,259774257.05,NA,30302788205.9,2022,NA,NA,NA,NA,NA,2828824806.74,4181416842.24,4181416842.24,NA,285440729.56,1638032765.06,NA,21996702441.13,32720578689.69,32720578689.69,NA,29891753882.95,NA,15563660154.12,1960267126,883805041.51,197935069.7,14114911298.36,10009107724.41,4118789441.06,15538086.54,15748318630.94,15544136.61,4196960978.85,3897268.9,NA,NA,285440729.56,NA,1960267126,NA,NA,NA,19589845000,357151000,701492434,NA,NA,NA,3052636839.41,NA,NA,NA,NA,NA,NA,NA,14443828008.89,14655120000,NA,1126701300,3808023700,NA,NA,NA,NA,NA,NA,NA,513574000,12827184.96,NA,NA,NA,NA,NA,NA,NA,NA,NA,NA,NA,NA,NA,NA,NA,NA,NA,NA,NA,NA,NA,NA,NA,NA,NA,NA,NA,NA,NA,NA,NA,NA,NA,NA,NA,NA,NA,NA,NA,NA,NA,NA,NA,NA,NA,NA,NA,NA,NA,NA,NA,NA,NA,NA,NA,NA,NA,NA,NA,NA,NA,NA,NA,NA,NA,NA,NA,NA,NA,NA,NA,NA,NA,NA,NA,NA,NA,NA,NA,NA,NA,NA,NA,NA,NA,NA,NA,NA,NA,NA,NA,NA,NA,NA,NA,NA,NA,NA,NA,NA,NA,NA,NA,NA,NA,NA,NA,NA,NA,NA,NA,NA,NA,NA,NA,NA,NA,NA,NA,NA,NA,NA,NA,NA,NA,NA,NA,NA,NA,NA,NA,NA,NA,NA,NA,NA,NA,NA,NA,NA,NA,NA,NA,NA,NA,NA,NA,NA,NA,NA,NA,NA,NA,NA,NA,NA,NA,NA,NA,NA,NA,NA,NA,NA,NA,NA,NA,NA,NA,NA,NA,NA,NA,NA,NA,NA,NA,NA,NA,NA,NA,NA,NA,NA,NA,NA,NA,NA,NA,NA,NA,NA,NA,NA,NA,NA,NA,NA,NA,NA,NA,NA,NA,NA,NA,NA,NA,NA,NA,NA,NA,NA,NA,NA,NA,NA,NA,NA,NA,NA,NA,NA,NA,NA,NA,NA,NA,NA,NA,NA,NA,NA,NA,NA,NA,NA,NA,NA,NA,NA,NA,NA,NA,196599186.35,NA,NA,NA,NA,NA,NA,NA,NA,NA,NA,NA,NA,NA,NA,NA,NA,NA,NA,NA,NA,NA,NA,5340200000,9012120000,NA,554901300,2320390168.68,NA,NA,NA,NA,196599186.35,NA,NA,NA,NA
Malabon City,NCR,2022,1,1950505816.94,412550530.12,36567450.28,NA,1544410.2,25771750,2460214280.22,2523235105.23,NA,20634056.93,278937563.72,115246684.88,77321567.93,NA,321035541.72,1545162922.99,NA,411935819.15,NA,3072756450.24,1340688553,NA,238740344.84,2758086.9,NA,NA,NA,509200525.09,1352112061.25,303485452.45,16765050.35,NA,NA,NA,NA,2022,NA,2832581389.32,NA,NA,NA,NA,2523235105.23,2022,NA,NA,NA,NA,NA,NA,NA,NA,NA,NA,709797311.1,NA,NA,3382235359.87,3382235359.87,NA,2408465300.31,NA,NA,1297157553,NA,803779.14,1122677571.8,NA,NA,12648834.43,722561147.8,NA,413720340.44,1544410.2,6743364.4,NA,32160867.74,NA,1340688553,NA,NA,NA,NA,NA,NA,NA,NA,NA,NA,NA,NA,NA,NA,NA,NA,NA,879974911.17,1275383138.64,NA,516436286.69,NA,NA,NA,NA,NA,NA,80912620.54999998,NA,22605000,16765050.35,44858308.22,NA,NA,NA,NA,NA,NA,NA,NA,NA,NA,NA,NA,NA,NA,NA,NA,NA,NA,NA,NA,NA,NA,NA,NA,NA,NA,NA,NA,NA,NA,NA,NA,NA,NA,NA,NA,NA,NA,NA,NA,NA,NA,NA,NA,NA,NA,NA,NA,NA,NA,NA,NA,NA,NA,NA,NA,NA,NA,NA,NA,NA,NA,NA,NA,NA,NA,NA,NA,NA,NA,NA,NA,NA,NA,NA,NA,NA,NA,NA,NA,NA,NA,NA,NA,NA,NA,NA,NA,NA,NA,NA,NA,NA,NA,NA,NA,NA,NA,NA,NA,NA,NA,NA,NA,NA,NA,NA,NA,NA,NA,NA,NA,NA,NA,NA,NA,NA,NA,NA,NA,NA,NA,NA,NA,NA,NA,NA,NA,NA,NA,NA,NA,NA,NA,NA,NA,NA,NA,NA,NA,NA,NA,NA,NA,NA,NA,NA,NA,NA,NA,NA,NA,NA,NA,NA,NA,NA,NA,NA,NA,NA,NA,NA,NA,NA,NA,NA,NA,NA,NA,NA,NA,NA,NA,NA,NA,NA,NA,NA,NA,NA,NA,NA,NA,NA,NA,NA,NA,NA,NA,NA,NA,NA,NA,NA,NA,NA,NA,NA,NA,NA,NA,NA,NA,NA,NA,NA,NA,NA,NA,NA,NA,NA,NA,NA,NA,NA,NA,NA,NA,NA,NA,NA,NA,NA,NA,NA,NA,NA,NA,NA,NA,NA,NA,NA,NA,NA,NA,NA,NA,NA,NA,2758086.9,NA,NA,NA,NA,NA,NA,NA,NA,NA,NA,NA,NA,NA,NA,NA,NA,NA,NA,NA,NA,NA,NA,534760000,672323138.64,50000000,186766104.14,238740344.84,58576019.66,NA,NA,3500000,2758086.9,40050000,NA,NA,NA
Mandaluyong City,NCR,2022,1,2776080894.9700003,1371187307.59,61023302.45,388677584.74,2943050,NA,27299323931.370007,4599912139.75,NA,35788952.53,707788122.03,204043082.55,57463819.96,834754001.01,240804748.05,2444803271,NA,1997509004.22,4442312275.22,27492712748.430004,1443518769,NA,324823789.28000003,106461122.22,19627378.16,9953634.26,19627378.16,1423896917.16,1010391214,348478989.1,39430525.54,NA,NA,NA,5637802753.88,27156293030.800003,NA,27156293030.800003,NA,NA,NA,NA,4599912139.75,27492712748.430004,NA,NA,NA,NA,NA,1090543011.9399986,1128662469.31,NA,536853588.5100001,NA,498734131.13999873,NA,NA,6820652049.879999,6820652049.879999,NA,5730109037.940001,NA,NA,1443518769,NA,6853199.590000001,690989326.27,NA,NA,34912725.54,1309830850.7,93000,NA,2943050,5425000,NA,60758966.07,NA,1443518769,6970000000,NA,NA,9919660122.32,45492788.56,NA,96585859.4,NA,298473456.5,2175730054.32,NA,NA,NA,NA,NA,NA,NA,4361320165.33,4926483231,NA,580000000,1463516769,NA,NA,NA,NA,NA,477000000,NA,78738000,39430525.54,103013775,NA,NA,NA,NA,NA,NA,NA,NA,NA,NA,NA,NA,NA,NA,NA,NA,NA,NA,NA,NA,NA,NA,NA,NA,NA,NA,NA,NA,NA,NA,NA,NA,NA,NA,NA,NA,NA,NA,NA,NA,NA,NA,NA,NA,NA,NA,NA,NA,NA,NA,NA,NA,NA,NA,NA,NA,NA,NA,NA,NA,NA,NA,NA,NA,NA,NA,NA,NA,NA,NA,NA,NA,NA,NA,NA,NA,NA,NA,NA,NA,NA,NA,NA,NA,NA,NA,NA,NA,NA,NA,NA,NA,NA,NA,NA,NA,NA,NA,NA,NA,NA,NA,NA,NA,NA,NA,NA,NA,NA,NA,NA,NA,NA,NA,NA,NA,NA,NA,NA,NA,NA,NA,NA,NA,NA,NA,NA,NA,NA,NA,31935025023.650005,31935025023.650005,NA,NA,NA,NA,NA,NA,NA,NA,NA,NA,NA,NA,NA,NA,NA,NA,NA,NA,NA,NA,NA,NA,NA,NA,NA,NA,NA,NA,NA,NA,NA,NA,NA,NA,NA,NA,NA,NA,NA,NA,NA,NA,NA,NA,NA,NA,NA,NA,NA,NA,NA,NA,NA,NA,NA,NA,NA,NA,NA,NA,NA,NA,NA,NA,NA,NA,NA,NA,NA,NA,NA,NA,NA,NA,NA,NA,NA,NA,NA,NA,NA,NA,NA,NA,NA,NA,NA,NA,NA,NA,NA,NA,NA,NA,NA,NA,NA,NA,NA,NA,NA,NA,NA,NA,NA,NA,NA,NA,NA,NA,106461122.22,NA,NA,NA,NA,NA,NA,NA,NA,NA,NA,NA,NA,NA,NA,NA,NA,NA,NA,NA,317970589.69,NA,NA,2229000000,2609483231,40000000,299000000,324823789.28000003,70000000,NA,NA,NA,106461122.22,NA,NA,NA,NA
Manila City,NCR,2022,1,8325730232.46,19859356666.12,1327476316.28,2109123409.92,1429078656.95,248912041.85,40103500794.06,33050765281.73,NA,131574000,5738145583.95,2184213525.4,1595570122.17,6026020880.5,1057117615.86,9517929231.52,NA,17247200488.35,26765129719.87,46929271729.77,4602952487,NA,1637476082.79,217442602.39,NA,182297445.57,NA,5175191498.29,1549189443,1459648011.65,180931014.44,NA,NA,606022805.15,16047340904.58,44445286348.28,NA,44445286348.28,NA,NA,NA,NA,33050765281.73,46929271729.77,NA,NA,NA,NA,NA,1593564092.599,NA,NA,5094922521.45,NA,NA,NA,NA,21502892623.09,21502892623.09,NA,19909328530.491,NA,NA,4602952487,NA,32732263.68,9677768612.22,NA,NA,180931014.44,3339897660.8205,NA,NA,1429078656.95,NA,5094922521.45,NA,2022,4602952487,24756546510,152851140.09,NA,NA,NA,5940901605.43,NA,NA,NA,NA,NA,NA,NA,NA,NA,NA,NA,13046462540.81,11622250000,NA,1890687698,NA,NA,NA,NA,NA,NA,2800000000,NA,173865822,180931014.44,69444445,74452994.15,6763846.01,NA,NA,1032733502.54,303128666.81,11388071632.27,5940901605.43,NA,77358375.75,NA,NA,NA,3811635092.12,8043746.63,94840965.51,NA,17743.56,1312683910.46,479973304.33,NA,73820390.65999998,1195584.58,782242.41,20549093.34,249623451.59,523887008.21,NA,160992664.16,NA,36629644.8,1962102224.18,86747649.2,60273536.54,1360216.1,NA,24564565.23,NA,1404067841.72,NA,NA,NA,168908255.56,58800059.26,NA,2269982912.82,NA,NA,NA,NA,NA,NA,NA,NA,NA,1085445940.78,NA,2404419881.24,NA,1655226657.73,NA,11095294574.03,NA,3514440515.2,NA,327568451.77,NA,4130792722.39,NA,992998.83,NA,47201308.32,NA,367951670.27,NA,18933075.17,NA,197229768.7,NA,507296034.93,NA,5230139.6,NA,2128143512.92,NA,NA,NA,37447959.18,NA,173860908.69,NA,361953531.17,NA,15811.96,NA,NA,NA,30917744.08,NA,442679.05,NA,NA,NA,NA,63529775.47,NA,291223332,NA,5078414488.63,365644286.2,16303255.68,NA,NA,277777777.76,NA,427193827.17,67921778.67,17054734.75,36922498.51,483427857.44,452151910.6,699540918.26,NA,NA,122367939.45,NA,3085912625.69,1705201767.53,NA,1234906487.28,73694401449.64,73694401449.64,6019190,96360292.9,NA,NA,5940901605.43,409255380.82,409456134.87,3825942275.19,NA,9406819.87,157605603.83,14636424.08,643209.56,NA,NA,NA,208338885.31,540573611.85,13501419,16656428.7,72770441.31999998,NA,61918089.11,NA,35503586.32,31611731.17,NA,305957.03,50133.34,18066,30495424.89,NA,101674708.56,NA,NA,NA,171262.67,140197946.09,382238430.24,NA,NA,43901155.93,NA,NA,NA,217442602.39,NA,3277409889.74,NA,NA,NA,NA,54552000,23666430,NA,44992000,9518388.3,105112185.45,45517136.75,549946031.55,44577250,3381600,389807777.28,11046222.31,61744028.78,10873526.19,174495899.36,90480000,5156032,10992863.5,64314038.21,1986565.68,48108,13119328.9,58156549.61,1334497000,516522268.93,562613648.9,23741904.09,NA,61783489.15,NA,859561728.9099998,192869344.72,334485838.67,38045,11260420.41,17328968.39,NA,1010000,120000000,72981414.95999998,954989427.32,80266026.94,998614920.38,NA,13865365.78,6969532.89,1816972.43,NA,NA,16110383.67,1232915.28,39306015.34,25503241.79,16746096.7,49074878.44,85138844.2,1644893.5,17328968.39,217442602.39,861494692.1699998,7316427.59,255450,NA,NA,2504105.46,NA,779351332.6599998,NA,100993522.73,3787941.45,63529775.47,NA,NA,NA,NA,NA,NA,NA,1604743819.11,NA,NA,6060000000,4920000000,642250000,1181613818,1637476082.79,1938242,NA,NA,NA,217442602.39,NA,28896066,NA,NA
Marikina City,NCR,2022,1,1640549623.45,480078455.44,83595101.63,NA,2013095.54,39457881.36,7972692603.17,2296104441.76,NA,NA,424020575.22,145200300.75,291927368.2,1068253408.42,692396.36,1930094048.95,NA,3104954163.04,5035048211.99,5278213044.19667,1535632864,NA,370252785.89,249758349.57,NA,NA,13954337.15,454521242.08,2231080637.6,729872759.67,99599808.6,NA,NA,122405424.92,3907967278.14,2022,NA,NA,NA,NA,NA,NA,2296104441.76,2022,NA,NA,NA,NA,NA,392747054.59,1388385202.29,1388385202.29,1125277236.6,NA,NA,NA,NA,3615930173.47,3615930173.47,NA,3223183118.88,NA,1445413354.03,1535632864,NA,6385422.09,264631169.55,NA,NA,99590748.6,122387284.92,NA,NA,2013095.54,NA,1190875158.63,65597922.03,NA,1535632864,3591549247,NA,NA,NA,8105859.28,5188959.47,143080,NA,NA,1018942.26,NA,NA,198595,NA,NA,NA,NA,1445413354.03,1510060000,NA,545856383,NA,NA,NA,NA,NA,NA,NA,847414072.27,30923712.59,99599808.6,60000000,NA,NA,NA,NA,NA,NA,NA,NA,NA,NA,NA,NA,NA,NA,NA,NA,NA,NA,NA,NA,NA,NA,NA,NA,NA,NA,NA,NA,NA,NA,NA,NA,NA,NA,NA,NA,NA,NA,NA,NA,NA,NA,NA,NA,NA,NA,NA,NA,NA,NA,NA,NA,NA,NA,NA,NA,NA,NA,NA,NA,NA,NA,NA,NA,NA,NA,NA,NA,NA,NA,NA,NA,NA,NA,NA,NA,NA,NA,NA,NA,NA,NA,NA,NA,NA,NA,NA,NA,NA,NA,NA,NA,NA,NA,NA,NA,NA,NA,NA,NA,NA,NA,NA,NA,NA,NA,2993234.36,NA,NA,NA,NA,NA,NA,NA,NA,NA,NA,NA,NA,NA,NA,NA,NA,NA,NA,NA,NA,NA,NA,NA,10313261256.19,10313261256.1867,NA,NA,NA,NA,NA,NA,NA,NA,NA,NA,NA,NA,NA,NA,NA,NA,NA,NA,NA,NA,NA,NA,NA,NA,NA,NA,NA,NA,NA,NA,NA,NA,NA,NA,NA,NA,NA,NA,NA,NA,NA,NA,NA,NA,NA,NA,NA,NA,NA,NA,NA,NA,NA,NA,NA,NA,NA,NA,NA,NA,NA,NA,NA,NA,NA,NA,NA,NA,NA,NA,NA,NA,NA,NA,NA,NA,NA,NA,NA,NA,NA,NA,NA,NA,NA,NA,NA,NA,NA,NA,NA,NA,NA,NA,NA,NA,NA,NA,NA,NA,NA,NA,NA,NA,NA,NA,NA,NA,NA,NA,249758349.57,NA,NA,NA,NA,NA,NA,NA,NA,NA,NA,NA,NA,NA,NA,NA,NA,4281815.1,NA,NA,363867363.8,NA,NA,691200000,NA,3530000,134096383,370252785.89,NA,NA,NA,NA,249758349.57,NA,NA,NA,NA
Muntinlupa City,NCR,2022,1,3165398726.5,1858231661.99,101375867.25,15369353.09,NA,NA,12817860247.64,5140375608.83,NA,5370211.07,588331556.36,161808064.96,416159298.92,577518.11,87190242.02,3088523085.66,NA,641510833.75,3730033919.41,14233572148.13,1777334921,325846680,1104505543.61,407226906.66,NA,NA,NA,NA,2866487673.1,550770779.77,7975749.15,NA,420112235.97,737920923.46,5426513604.44,13095588725.6,NA,13095588725.6,NA,NA,NA,NA,5140375608.83,14233572148.13,NA,NA,NA,NA,NA,1561227796.71,2029620866.67,2029620866.67,508351241.19,NA,NA,NA,NA,7671961301.39,7671961301.39,NA,6110733504.68,NA,NA,NA,NA,19495203.23,1279023806.77,NA,NA,7746037.39,2334745473.04,1387200,2030319523.04,NA,688543.63,508351241.19,NA,NA,1777334921,NA,NA,NA,NA,NA,NA,NA,NA,NA,NA,NA,NA,NA,NA,NA,NA,NA,3103641853.88,3217000000,NA,2235024933.63,2131334921,NA,4000000,NA,NA,NA,NA,2001279402.42,62676126.8,7975749.15,NA,NA,NA,NA,NA,NA,NA,NA,NA,NA,NA,NA,NA,NA,NA,NA,NA,NA,NA,NA,NA,NA,NA,NA,NA,NA,NA,NA,NA,NA,NA,NA,NA,NA,NA,NA,NA,NA,NA,NA,NA,NA,NA,NA,NA,NA,NA,NA,NA,NA,NA,NA,NA,NA,NA,NA,NA,NA,NA,NA,NA,NA,NA,NA,NA,NA,NA,NA,NA,NA,NA,NA,NA,NA,NA,NA,NA,NA,NA,NA,NA,NA,NA,NA,NA,NA,NA,NA,NA,NA,NA,NA,NA,NA,NA,NA,NA,NA,NA,NA,NA,NA,NA,NA,NA,NA,NA,NA,NA,NA,NA,NA,NA,NA,NA,NA,NA,NA,NA,NA,NA,NA,NA,NA,NA,NA,NA,NA,NA,NA,NA,17963606067.54,NA,NA,NA,NA,NA,NA,NA,NA,NA,NA,NA,NA,NA,NA,NA,NA,NA,NA,NA,NA,NA,NA,NA,NA,NA,NA,NA,NA,NA,NA,NA,NA,NA,NA,NA,NA,NA,NA,NA,NA,NA,NA,NA,NA,NA,NA,NA,NA,NA,NA,NA,NA,NA,NA,NA,NA,NA,NA,NA,NA,NA,NA,NA,NA,NA,NA,NA,NA,NA,NA,NA,NA,NA,NA,NA,NA,NA,NA,NA,NA,NA,NA,NA,NA,NA,NA,NA,NA,NA,NA,NA,NA,NA,NA,NA,NA,NA,NA,NA,NA,NA,NA,NA,NA,NA,NA,NA,NA,NA,NA,NA,407226906.66,NA,NA,NA,NA,NA,NA,NA,NA,NA,NA,NA,NA,NA,NA,NA,NA,NA,NA,NA,NA,NA,NA,1310000000,NA,1907000000,1066377015.33,1104505543.61,119832306.28,350000000,NA,NA,407226906.66,NA,NA,NA,NA
Navotas City,NCR,2022,1,933780339.89,290621014.54,201872547.49,8985774.47,271123160.35,9942796.05,2989383607.79,1706382836.74,NA,9517782.15,268525624.99,86032909.7,78373134.41,NA,47744333.49,752200732.03,NA,418153064.66,1170353796.69,3544873226.04,1002360456,NA,161671360.08,128723812.91,NA,NA,NA,360742735.41,1098551667.82,259422741.95,16582905.79,NA,264998572.19,239363362.05,1735300050.97,3490668629.01,NA,3381993462.1,NA,NA,NA,NA,1706382836.74,3544873226.04,307032588.76,NA,12575390.37,NA,NA,304043584.59,385411162.54,385411162.54,NA,54411764.14,NA,NA,NA,2306795523.46,2306795523.46,NA,2002751938.87,NA,NA,1002360456,NA,521722.98,663922814.44,394821388.75,386600411.9,56429016.9,615452899.51,NA,381021256.94,271123160.35,4999000,120152792.62,65741028.48,NA,1002360456,116000000,NA,NA,NA,81590584.07,5544723.5,140992541.40000004,NA,NA,333648206.71000004,NA,NA,16602199.889999991,28819330.32,NA,16887139,NA,559362930.05,701530000,NA,112365800,NA,NA,1086280.46,1086280.46,NA,NA,NA,212787736,30000,16582905.79,92750000,NA,NA,NA,NA,NA,NA,NA,NA,NA,NA,NA,NA,NA,16980034.22,NA,NA,NA,NA,NA,NA,NA,NA,NA,NA,NA,NA,NA,NA,NA,NA,NA,NA,NA,NA,NA,NA,NA,NA,NA,NA,NA,NA,NA,NA,NA,NA,NA,NA,NA,NA,NA,NA,NA,NA,NA,NA,NA,NA,NA,NA,NA,NA,NA,NA,NA,NA,NA,NA,NA,NA,NA,NA,NA,NA,NA,NA,NA,NA,NA,NA,NA,NA,NA,NA,NA,NA,NA,NA,NA,NA,NA,NA,NA,NA,NA,NA,NA,NA,NA,NA,NA,NA,NA,NA,NA,NA,NA,NA,NA,NA,NA,NA,NA,NA,NA,NA,NA,NA,NA,NA,NA,NA,17495906.53,NA,NA,NA,NA,NA,NA,NA,4715227022.73,NA,NA,NA,NA,NA,NA,NA,NA,NA,NA,NA,NA,NA,NA,NA,NA,NA,NA,NA,NA,NA,NA,NA,NA,NA,NA,NA,NA,NA,NA,NA,NA,NA,NA,NA,NA,NA,NA,NA,NA,NA,NA,NA,NA,NA,NA,NA,NA,NA,NA,NA,NA,NA,NA,NA,NA,NA,NA,NA,NA,NA,NA,NA,NA,NA,NA,NA,NA,NA,NA,NA,NA,NA,NA,NA,NA,NA,NA,NA,NA,NA,NA,NA,NA,NA,NA,NA,NA,NA,NA,NA,NA,NA,NA,NA,NA,NA,NA,NA,NA,NA,NA,NA,NA,NA,NA,NA,NA,NA,NA,NA,128723812.91,NA,NA,NA,NA,NA,NA,NA,NA,NA,NA,NA,NA,NA,NA,NA,NA,108675166.91,NA,NA,111119716.89,NA,NA,380000000,262680000,58850000,42864000,161671360.08,31077800,NA,NA,NA,128723812.91,230849386.23,NA,NA,NA
Pamantasan ng Lungsod ng Maynila,NCR,2022,0,715127977.75,120683023.05,11137815.67,8973016.28,NA,NA,259070133.48,855921832.75,NA,NA,110150448.94,24347606.24,13732698.46,NA,1312379.1,158865304.84,NA,NA,158865304.84,956126661.39,NA,NA,388850768.26,13577992,NA,NA,NA,481935489.92,182967277.41,26870440.48,12000,NA,311471000,NA,691785207.81,957982153.95,NA,957982153.95,NA,NA,NA,NA,855921832.75,956126661.39,NA,NA,NA,NA,NA,320243547.12,15345005.63,15345005.63,NA,NA,NA,NA,NA,1016501184.84,1016501184.84,NA,696257637.72,NA,NA,NA,NA,3133366.01,964254929.72,NA,NA,NA,NA,NA,15345005.63,NA,NA,NA,NA,NA,72730946.04,NA,NA,NA,NA,NA,NA,NA,NA,NA,NA,NA,NA,NA,NA,NA,NA,NA,571628087.93,NA,NA,571628087.93,NA,NA,NA,NA,NA,NA,NA,598828180.32,32600000,12000,NA,NA,NA,NA,NA,NA,NA,NA,NA,NA,NA,NA,NA,NA,NA,NA,NA,NA,NA,NA,NA,NA,NA,NA,NA,NA,NA,NA,NA,NA,NA,NA,NA,NA,NA,NA,NA,NA,NA,NA,NA,NA,NA,NA,NA,NA,NA,NA,NA,NA,NA,NA,NA,NA,NA,NA,NA,NA,NA,NA,NA,NA,NA,NA,NA,NA,NA,NA,NA,NA,NA,NA,NA,NA,NA,NA,NA,NA,NA,NA,NA,NA,NA,NA,NA,NA,NA,NA,NA,NA,NA,NA,NA,NA,NA,NA,NA,NA,NA,NA,NA,NA,NA,NA,NA,NA,NA,NA,NA,NA,NA,NA,NA,NA,NA,NA,NA,NA,NA,NA,NA,NA,NA,NA,NA,NA,NA,NA,NA,NA,NA,1114991966.23,NA,NA,NA,NA,NA,NA,NA,NA,NA,NA,NA,NA,NA,NA,NA,NA,NA,NA,NA,NA,NA,NA,NA,NA,NA,NA,NA,NA,NA,NA,NA,NA,NA,NA,NA,NA,NA,NA,NA,NA,NA,NA,NA,NA,NA,NA,NA,NA,NA,NA,NA,NA,NA,NA,NA,NA,NA,NA,NA,NA,NA,NA,NA,NA,NA,NA,NA,NA,NA,NA,NA,NA,NA,NA,NA,NA,NA,NA,NA,NA,NA,NA,NA,NA,NA,NA,NA,NA,NA,NA,NA,NA,NA,NA,NA,NA,NA,NA,NA,NA,NA,NA,NA,NA,NA,NA,NA,NA,NA,NA,NA,13577992,NA,NA,NA,NA,NA,NA,NA,NA,NA,NA,NA,NA,NA,NA,NA,NA,NA,NA,NA,NA,NA,NA,NA,NA,NA,49112889.11,388850768.26,211891628.84,NA,NA,NA,13577992,432047500,NA,NA,NA
Paranaque City,NCR,2022,1,6579236355.47,121060117.04,125348512.8,377139556.01,315582526.44,NA,19207998391.71,7518367067.76,NA,156434280.01,915794248.26,550036127.61,455248813.8,2863109319.44,109391631.24,2030470820.91,NA,2863109319.44,4893580140.35,21989788498.13,NA,NA,710686070.66,39468666.6,NA,5628.77,NA,2438763740.93,2016827767.13,NA,28200,NA,NA,NA,7044421869.85,11524657753.41,NA,11098304708.85,NA,NA,NA,NA,7518367067.76,21989788498.1316,NA,NA,NA,NA,NA,2091692032.24,792958968.38,792958968.38,30928607.52,NA,NA,NA,NA,11270103448.68,11270103448.68,NA,9178411416.44,NA,NA,2149282295,NA,8037908.05,3393197340.7700005,NA,NA,519630.85,4020756075.44,NA,NA,315582526.44,65812802,NA,30928607.52,NA,2149282295,NA,NA,NA,NA,NA,NA,NA,NA,NA,NA,NA,NA,NA,NA,NA,NA,NA,5772053237.07,8106062124,NA,759455581,NA,NA,NA,NA,NA,NA,NA,NA,167940978,28200,NA,NA,NA,NA,NA,NA,NA,NA,NA,NA,NA,NA,NA,NA,NA,NA,NA,NA,NA,NA,NA,NA,NA,NA,NA,NA,NA,NA,NA,NA,NA,NA,NA,NA,NA,NA,NA,NA,NA,NA,NA,NA,NA,NA,NA,NA,NA,NA,NA,NA,NA,NA,NA,NA,NA,NA,NA,NA,NA,NA,NA,NA,NA,NA,NA,NA,NA,NA,NA,NA,NA,NA,NA,NA,NA,NA,NA,NA,NA,NA,NA,NA,NA,NA,NA,NA,NA,NA,NA,NA,NA,NA,NA,NA,NA,NA,NA,NA,NA,NA,NA,NA,NA,NA,NA,NA,NA,NA,NA,NA,NA,NA,NA,NA,NA,NA,NA,NA,NA,NA,NA,NA,NA,NA,NA,NA,NA,NA,NA,NA,NA,26883368638.48,26883368638.48,NA,NA,NA,NA,NA,NA,NA,NA,NA,NA,NA,NA,NA,NA,NA,NA,NA,NA,NA,NA,NA,NA,NA,NA,NA,NA,NA,NA,NA,NA,NA,NA,NA,NA,NA,NA,NA,NA,NA,NA,NA,NA,NA,NA,NA,NA,NA,NA,NA,NA,NA,NA,NA,NA,NA,NA,NA,NA,NA,NA,NA,NA,NA,NA,NA,NA,NA,NA,NA,NA,NA,NA,NA,NA,NA,NA,NA,NA,NA,NA,NA,NA,NA,NA,NA,NA,NA,NA,NA,NA,NA,NA,NA,NA,NA,NA,NA,NA,NA,NA,NA,NA,NA,NA,NA,NA,NA,NA,NA,NA,39468666.6,NA,519630.85,NA,NA,NA,NA,NA,NA,NA,NA,NA,NA,NA,NA,NA,NA,426353044.56,NA,NA,NA,NA,NA,NA,3305926708,138000000,NA,710686070.66,6600000,NA,NA,NA,39468666.6,85200000,NA,NA,NA
Pasay City,NCR,2022,1,3556721329.68,1147752432.62,523073688.27,515417565.53,839525977.54,NA,10616652614.16,5742965016.1,NA,81166681.84,1094569886.11,949564013.54,503344226.64,3954035000.24,102519939.03,6604033065.56,NA,1493631700.76,8097664766.32,9208618961.77,1486933239,99118509.47,369168116.76,NA,NA,2941000,11819610.44,1786261921.07,4228662992.88,836353467.99,34072945.59,NA,NA,NA,7081163557.84,8752461405,NA,8752461405,NA,NA,NA,NA,5742965016.1,9208618961.77,NA,NA,NA,NA,NA,1456287786.35,1693779992.3,1693779992.3,172663220.01,NA,NA,NA,NA,9058549819.3,9058549819.3,NA,7602262032.95,NA,6854289160.05,1272275239,NA,25011953.5,568533122.41,NA,NA,NA,1715047655.82,NA,1693779992.3,839525977.54,NA,NA,NA,2022,1486933239,10381253894.92,NA,NA,NA,254915244.27,2285991849.58,223526380.53,23625,745866497.4199998,43132289.89,NA,NA,354403000,NA,14269321730.610004,3804735,NA,5745265859.39,7275397655.92,NA,531049000,NA,NA,NA,NA,NA,NA,897624000,NA,59684254.52,34072945.59,151790298.12,NA,NA,NA,NA,NA,NA,NA,NA,NA,NA,NA,NA,NA,NA,NA,NA,NA,NA,48753.6,NA,NA,NA,NA,NA,NA,NA,NA,NA,NA,NA,NA,NA,NA,NA,NA,NA,NA,NA,NA,NA,NA,NA,NA,NA,NA,NA,NA,NA,NA,NA,NA,NA,NA,NA,NA,NA,NA,NA,NA,5656886.3,NA,NA,NA,NA,NA,NA,NA,NA,NA,13014607.17,NA,649554.44,NA,NA,NA,2193.86,NA,NA,NA,5027.4,NA,NA,NA,7393486.82,NA,NA,NA,NA,NA,NA,NA,12282.14,NA,NA,NA,NA,NA,NA,NA,NA,NA,NA,NA,NA,157250,NA,NA,NA,10402541.67,785706.72,NA,NA,NA,NA,NA,565842.33,415420.47,27528.37,21295.08,NA,NA,NA,NA,NA,NA,NA,NA,NA,NA,NA,17306283728.09,17306283728.09,NA,NA,NA,NA,NA,NA,NA,NA,NA,NA,NA,NA,NA,NA,NA,NA,NA,NA,NA,NA,NA,NA,NA,NA,NA,NA,NA,NA,NA,NA,NA,NA,NA,NA,NA,NA,NA,NA,NA,NA,NA,NA,NA,10000000,NA,NA,NA,NA,NA,NA,NA,NA,NA,NA,NA,NA,NA,NA,NA,NA,NA,NA,NA,NA,NA,NA,NA,NA,NA,12761416.63,NA,NA,NA,NA,NA,2057000,1012282610.25,NA,NA,NA,122550188.7,NA,NA,63428505.86,150808278.23,29945,4301497.02,NA,17590,782000,NA,74410,NA,NA,344208554.72,NA,NA,NA,NA,NA,NA,12683206.77,1037425.99,18995714.78,2189432,1721654.5,NA,1349266,822137,2876578.22,147039404.13,12868031.08,NA,NA,NA,NA,NA,NA,NA,NA,NA,NA,NA,NA,NA,NA,NA,NA,NA,NA,338440344.34,NA,NA,5009242655.92,NA,NA,268747732,369168116.76,NA,180000000,NA,NA,147039404.13,63679959.96,NA,NA,NA
Pasig City,NCR,2022,1,13274922358.04,651901789.03,3051524339.72,450048078.27,10930881502.93,598729461.77,22346204677.33,28359278067.99,NA,145625626.15,2131561389.15,479636701.63,1262348414.96,2511725558.9,107776186.43,6430750019.26,NA,107776186.43,6538526205.69,45149266604.36,2431762146,274238168.85,1773247675.2,545194022.48,NA,NA,NA,3653800038.8,4154889708.4,1967306103.34,2597976.29,NA,NA,NA,9778593826.83,41182285115.08,NA,41182285115.08,NA,NA,1716363152.41,NA,28359278067.99,45149266604.36,NA,NA,NA,NA,NA,5189324445.52,NA,NA,286296.76,NA,NA,NA,NA,17982240180.33,17982240180.33,NA,12792915734.81,NA,NA,NA,NA,62357397.15,5687401322.21,NA,NA,NA,3864451408.3,NA,NA,10930881502.93,NA,NA,NA,NA,2431762146,NA,NA,NA,NA,NA,NA,NA,NA,NA,NA,NA,NA,NA,NA,NA,NA,NA,9800012521.04,9911790736.7,NA,2075091677.3,NA,NA,NA,NA,NA,NA,NA,1608335009,190460902,2597976.29,2573418,NA,NA,NA,NA,NA,NA,NA,NA,NA,NA,NA,NA,NA,NA,NA,NA,NA,NA,NA,NA,NA,NA,NA,NA,NA,NA,NA,NA,NA,NA,NA,NA,NA,NA,NA,NA,NA,NA,NA,NA,NA,NA,NA,NA,NA,NA,NA,NA,NA,NA,NA,NA,NA,NA,NA,NA,NA,NA,NA,NA,NA,NA,NA,NA,NA,NA,NA,NA,NA,NA,NA,NA,NA,NA,NA,NA,NA,NA,NA,NA,NA,NA,NA,NA,NA,NA,NA,NA,NA,NA,NA,NA,NA,NA,NA,NA,NA,NA,NA,NA,NA,NA,NA,NA,NA,NA,NA,NA,NA,NA,NA,NA,NA,NA,NA,NA,NA,NA,NA,NA,NA,NA,NA,NA,NA,NA,NA,NA,NA,NA,51687792810.05,51687792810.05,NA,NA,NA,NA,NA,NA,NA,NA,NA,NA,NA,NA,NA,NA,NA,NA,NA,NA,NA,NA,NA,NA,NA,NA,NA,NA,NA,NA,NA,NA,NA,NA,NA,NA,NA,NA,NA,NA,NA,NA,NA,NA,NA,NA,NA,NA,NA,NA,NA,NA,NA,NA,NA,NA,NA,NA,NA,NA,NA,NA,NA,NA,NA,NA,NA,NA,NA,NA,NA,NA,NA,NA,NA,NA,NA,NA,NA,NA,NA,NA,NA,NA,NA,NA,NA,NA,NA,NA,NA,NA,NA,NA,NA,NA,NA,NA,NA,NA,NA,NA,NA,NA,NA,NA,NA,NA,NA,NA,NA,NA,545194022.48,NA,NA,NA,NA,NA,NA,NA,NA,NA,NA,NA,NA,NA,NA,NA,NA,NA,320112774.24,NA,1576144740.81,NA,NA,2881996361.44,6868796739.61,160997635.65,985518641.9,1773247675.2,21009854.35,111000000,NA,NA,545194022.48,10179605.43,NA,NA,NA
Pateros,NCR,2022,0,174177073.92,118558179.58,820171.11,745820.529999999,56000,56000,280640809.998571,293481074.03,NA,NA,12381712.25,39887882.21,9428090.19,112694099.07,25693864.01,174391783.72,42646651.91,42501156.51,216892940.23,357410863.8,222674825,NA,48151039.48,2874727.47,NA,4799826.67,NA,116925945.9,68222325.02,NA,36000,NA,NA,11534268,323363504.15,299337271.22,NA,299337271.22,NA,NA,2732533.91,NA,293481074.03,299340271.22,NA,NA,NA,NA,NA,64027973.4900001,40217595.09,40217595.09,NA,NA,NA,NA,NA,435405221.29,435405221.29,NA,371377247.8,NA,182059885.96,222674825,NA,158138.6,30512371.73,NA,NA,NA,141290209.46,NA,40217595.09,56000,NA,NA,NA,NA,222674825,NA,8423415.66,62676350.95,NA,NA,7051130.22,NA,NA,NA,NA,NA,NA,2022,NA,NA,NA,NA,71847822.82,76825000.28999998,NA,95401117.87,NA,NA,NA,NA,NA,NA,NA,70500166.33,3200000,36000,NA,NA,NA,146014109.21,NA,NA,NA,57887702.45,54806396.53,4000,NA,NA,NA,NA,19200,NA,NA,NA,194453.83,1028620.24,NA,NA,38632.5,272850,NA,NA,NA,NA,NA,NA,NA,167134.44,229308.79,516511.74,NA,NA,NA,NA,NA,NA,NA,NA,NA,74835388.43,NA,NA,NA,NA,NA,NA,NA,NA,NA,NA,NA,NA,NA,NA,NA,NA,36270256.39,NA,16997811.47,NA,15768871.95,NA,NA,NA,18340706.12,NA,2471727.11,NA,3393412.22,NA,10037033.11,NA,NA,NA,558907.14,NA,11339324.49,NA,NA,NA,922682.21,NA,NA,NA,NA,NA,2471727.11,NA,NA,NA,NA,NA,NA,NA,949287.86,NA,130736.69,NA,NA,NA,NA,NA,NA,NA,NA,12381712.25,NA,NA,NA,NA,NA,NA,1610932.86,393715.81,127304.26,70406.6,30402185.44,NA,7283337.24,19200,NA,3681417.95,NA,57887702.54,NA,NA,NA,574303804.028571,574303804.03,377100,1434787.66,NA,NA,54806396.53,328900.73,1275056.85,36202162.93,NA,2781523.89,NA,NA,111086.13,NA,NA,NA,NA,10905840.75,420904,NA,948452.5,NA,861572.88,NA,143880.8,210856,NA,NA,NA,30140394.25,8300,NA,NA,NA,NA,NA,NA,2390618.84,782671,NA,NA,114693.86,NA,1000000,NA,NA,NA,NA,NA,NA,NA,NA,1194000,994017,NA,904500,976500,2966723.5,NA,11524921.85,1020000,NA,7901196.11,233800,1295536.36,234378.6,4035159.89,4433797.43,NA,2778797.44,NA,349036.6,NA,NA,584171.37,NA,NA,NA,3016830.62,NA,NA,NA,2885906.39,3432548.16,13118125.67,NA,793459.14,858055.11,NA,NA,1200000,NA,18803940.32,NA,64164829.7,NA,NA,NA,NA,NA,NA,NA,18487.5,909607.21,320670,NA,NA,240000,NA,858055.11,2874727.47,55516861.66,NA,36000,NA,NA,NA,NA,NA,NA,NA,NA,NA,NA,NA,NA,NA,NA,42699536.69,NA,NA,NA,NA,30300000,44279000.29,2246000,20146065.37,48151039.48,12154865,NA,NA,NA,2874727.47,NA,NA,NA,NA
Quezon City,NCR,2022,1,13423076747.7,18728685927.88,1963255405.06,872417483.45,1951215439,NA,403705943193.03,36938651003.09,NA,633947491.45,4939600669.09,1721331400.4099998,1836703091.7000003,15567933321.95,1889377496.41,27722635962.16,NA,NA,441278541687.57,413555905725.41,7938262709,NA,1367215041.86,38997273.1,NA,36475020.85,NA,3824649951.87,17696433470.940002,3827723482.92,2713492,NA,1070776385.71,3115392044.71,25351520397.730003,414490141665.83685,NA,414490141665.83685,NA,NA,NA,NA,36938651003.09,413555905725.40686,2022,NA,NA,NA,NA,NA,NA,NA,NA,NA,3998834126.21,NA,NA,36998113225.99,36998113225.99,NA,36179974622.57,NA,NA,NA,NA,185851364.46,14445257791.63,NA,NA,NA,18151706620.78,550213.5,4718331999.21,1951215439,235389202.99,NA,NA,2022,7938262709,32300000000,404339890684.48,32300842363.03,42112105321.87,3610745493.250001,5450726517.88,246791493.46,4976402.5,1034448576.29,2155295157.4,NA,NA,2022,NA,NA,46978438.33,NA,16449014247.679998,18430450620,NA,5292286671,NA,NA,23500000,NA,NA,NA,NA,3858986703,1002272587,2713492,203795870.89,368220782.44,60000,NA,125568870.57,11154770.16,938670863.88,9643685461.69,5450726517.88,185529120.67,NA,155496625.58,53736715.75,NA,1297694894.97,508811.59,962595005.7,59784231.29,40542816.09,416375890.18,NA,4415658.65,145803316.84,51359800.89,7105713.77,23215741.5,518522707.99,561625779.66,NA,6652412.02,5488020,535852064.49,529276789.5,38016344.04,107997354.01,197126995.9,71963220,173998507.32,471468872.33,NA,NA,NA,NA,5501615960.3,1828806411.94,NA,8207948252.13,NA,2957942438.44,NA,23462563.04,NA,421110535.78,NA,NA,NA,1247164109.83,NA,242180634.49,NA,17842210.1,NA,9655715463.85,NA,1331915964.06,NA,111469691.83,NA,17842210.1,NA,33015588.33,NA,151096315.97,NA,1099570591.72,NA,169858238.53,NA,263246320.17,NA,375818136.66,NA,139357378.83,NA,1118855184.1,NA,31234257.7,NA,420759709.36,NA,431523261.25,NA,612435235.6,NA,4034020.75,NA,14631810.37,NA,735026792.2999998,NA,109058444.97,NA,561929467.79,1409483905.74,4504295571.18,428870,NA,633947491.45,NA,4508915944.62,429584974.47,NA,NA,NA,1099750,NA,279686235.55,21254545.96,835603.8199999998,2691439.55,863843141.32,24009801.7,529010632.51,268691524.8,823848835.82,238243439.15,NA,9643685461.69,5450726517.88,NA,1970467454.36,441278541687.57,441278541687.57,8050490.07,138600034.34,2241673546.93,414571058.77,5450726517.88,411281809.41,916362202.06,11326950917.32,NA,65691865.33,92785243.25,15554,172949.8,3162074.79,265905678.29,58971857.82,749355.24,210137944.58,15484502,19199337,161796212.37,61767294.37,118023233.15,1223153.82,28691200.25,16501855,NA,44601585.97,5671444.87,3100414.7,48354566.73,NA,13100044,20656610.03,5198862.5,7253880,NA,135619157.53,212291110.62,NA,567910.76,785550,NA,34944073.1,4053200,19663050,NA,2066325120.28,NA,NA,NA,NA,33756000,19263459.1,NA,28315055.59,5718716.25,99979508.09,94071868.23,341087290.85,29044500,437328471.43,246292158.68,6886677.44,39465930.22,6958451.26,96252858.79,30873253.09,1614025.61,96569838.83,97899538.56,5863634.5,11432977.74,NA,178830290.76,334504,709694963.15,518541546.97,230242735.03,NA,121541920,5682124,533183846.03,205133654.24,588442154.28,15924314.4,23380742.5,266334981.07,NA,12107182.75,75000000,21338621,2142046267.2,596384647.71,2568317696.35,166965303.12,17842210.1,33015588.33,12799067.98,NA,NA,766970,2880012.96,140619221,3299013.76,43777779.55,96046518.6,99263424.5,1269701,266334981.07,38997273.1,5786345760.24,NA,2713492,NA,NA,98613979.88,1201794523.31,1127972551.72,NA,147186148.91,109058444.97,118200430.23,203795870.89,NA,NA,NA,NA,NA,NA,NA,NA,NA,4580000000,NA,1045250000,44601585.97,1367215041.86,3931100000,610000000,NA,NA,38997273.1,NA,NA,NA,NA
Quezon City General Hospital,NCR,2022,1,1538857251.65,230818528.34,222583726.57,NA,128628945.04,NA,1002584800.19,2120888451.6,NA,8541450,64646283.34,25697218.24,1428413.11,74173.87,163204636.36,91846088.56,NA,163204636.36,255050724.92,2880477825.94,NA,NA,359468054.53,398151945.09,NA,NA,NA,329829656.16,819667744.76,117597794,12000,NA,NA,NA,1399195345.95,NA,NA,2814894910.85,NA,NA,NA,NA,2120888451.6,NA,NA,NA,NA,NA,NA,220818120.18,NA,NA,NA,NA,NA,NA,NA,899801134.49,899801134.49,NA,678983014.31,NA,NA,NA,NA,584303.06,797594002.17,162768187.27,516214827.04,NA,NA,NA,NA,128628945.04,NA,NA,NA,NA,NA,1166191351,NA,NA,NA,NA,NA,NA,NA,NA,NA,NA,NA,NA,NA,NA,NA,NA,359468054.53000003,NA,NA,359468054.53000003,NA,NA,NA,NA,NA,NA,NA,NA,NA,12000,NA,NA,NA,NA,NA,NA,NA,NA,NA,NA,NA,NA,NA,NA,NA,NA,NA,NA,NA,NA,NA,NA,NA,NA,NA,NA,NA,NA,NA,NA,NA,NA,NA,NA,NA,NA,NA,NA,NA,NA,NA,NA,NA,NA,NA,NA,NA,NA,NA,NA,NA,NA,NA,NA,NA,NA,NA,NA,NA,NA,NA,NA,NA,NA,NA,NA,NA,NA,NA,NA,NA,NA,NA,NA,NA,NA,NA,NA,NA,NA,NA,NA,NA,NA,NA,NA,NA,NA,NA,NA,NA,NA,NA,NA,NA,NA,NA,NA,NA,NA,NA,NA,NA,NA,NA,NA,NA,NA,NA,NA,NA,NA,NA,NA,NA,NA,NA,NA,NA,NA,NA,NA,NA,NA,NA,NA,NA,NA,NA,NA,NA,3135528550.86,3135528550.86,NA,NA,NA,NA,NA,NA,NA,NA,NA,NA,NA,NA,NA,NA,NA,NA,NA,NA,NA,NA,NA,NA,NA,NA,NA,NA,NA,NA,NA,NA,NA,NA,NA,NA,NA,NA,NA,NA,NA,NA,NA,NA,NA,NA,NA,NA,NA,NA,NA,NA,NA,NA,NA,NA,NA,NA,NA,NA,NA,NA,NA,NA,NA,NA,NA,NA,NA,NA,NA,NA,NA,NA,NA,NA,NA,NA,NA,NA,NA,NA,NA,NA,NA,NA,NA,NA,NA,NA,NA,NA,NA,NA,NA,NA,NA,NA,NA,NA,NA,NA,NA,NA,NA,NA,NA,NA,NA,NA,NA,NA,398151945.09,NA,NA,NA,NA,NA,NA,NA,NA,NA,NA,NA,NA,NA,NA,NA,NA,NA,NA,NA,101622829.26,NA,NA,NA,NA,NA,4462812.66,359468054.53,NA,NA,NA,NA,398151945.09,1166191351,NA,NA,NA
San Juan City,NCR,2022,1,3164450048.79,485156292.91,57397261.97,119940902.23,4694492.88,354835418.78,NA,3831638998.78,NA,3763617.88,330732038.76,211832897.54,358594948.56,910940207.39,52435468.06,1948777852.63,NA,276967952.7,2225745805.33,5138438400.26,NA,NA,342680204.73,51139494.75,NA,6546171.76,NA,727581418.2,1383929622.62,NA,18596018.06,NA,NA,NA,2329036991.38,4285424991.29,NA,4285424991.29,NA,NA,NA,NA,3831638998.78,NA,NA,NA,NA,NA,NA,149745819.959999,NA,NA,61233222.22,NA,NA,NA,NA,2951679033.23,2951679033.23,NA,2801933213.27,NA,NA,625963344,NA,38407726.67,195839461.71,NA,NA,40905732.65,213213896.8,NA,NA,4694492.88,NA,NA,104654265.62,NA,625963344,NA,NA,NA,NA,282274823.46,103145662.6,36115852.51,4096284,2957669.8,20224202.52,NA,NA,81122996.42,NA,NA,7473763.55,NA,2318263324.84,NA,NA,NA,NA,NA,2000000,NA,NA,NA,NA,271478702.49,128589000,18596018.06,104654265.62,NA,NA,NA,NA,NA,NA,NA,NA,NA,NA,NA,NA,NA,NA,NA,NA,NA,NA,NA,NA,NA,NA,NA,NA,NA,NA,NA,NA,NA,NA,NA,NA,NA,NA,NA,NA,NA,NA,NA,NA,NA,NA,NA,NA,NA,NA,NA,NA,NA,NA,NA,NA,NA,NA,NA,NA,NA,NA,NA,NA,NA,NA,NA,NA,NA,NA,NA,NA,NA,NA,NA,NA,NA,NA,NA,NA,NA,NA,NA,NA,NA,NA,NA,NA,NA,NA,NA,NA,NA,NA,NA,NA,NA,NA,NA,NA,NA,NA,NA,NA,NA,NA,NA,NA,NA,NA,NA,NA,NA,NA,NA,NA,NA,NA,NA,NA,NA,NA,NA,NA,NA,NA,NA,NA,NA,NA,NA,NA,NA,NA,7364184205.59,7364184205.59,NA,NA,NA,NA,NA,NA,NA,NA,NA,NA,NA,NA,NA,NA,NA,NA,NA,NA,NA,NA,NA,NA,NA,NA,NA,NA,NA,NA,NA,NA,NA,NA,NA,NA,NA,NA,NA,NA,NA,NA,NA,NA,NA,NA,NA,NA,NA,NA,NA,NA,NA,NA,NA,NA,NA,NA,NA,NA,NA,NA,NA,NA,NA,NA,NA,NA,NA,NA,NA,NA,NA,NA,NA,NA,NA,NA,NA,NA,NA,NA,NA,NA,NA,NA,NA,NA,NA,NA,NA,NA,NA,NA,NA,NA,NA,NA,NA,NA,NA,NA,NA,NA,NA,NA,NA,NA,NA,NA,NA,NA,51139494.75,NA,NA,NA,NA,NA,NA,NA,NA,NA,NA,NA,NA,NA,NA,NA,NA,NA,NA,NA,333234066.03,NA,NA,1088000000,748960100,86039900,107814000,342680204.73,6225359.76,1000000,NA,NA,51139494.75,NA,NA,NA,NA
Taguig City,NCR,2022,1,18687645515.95,9919255088.63,877960659.82,674654116.24,37415829.45,220900676,10065044424.61,30196931210.09,NA,124790230,4381185250.68,1856802493.05,704057435.79,13165487827.45,387181658.82,20494714665.79,NA,NA,20494714665.79,20112951874.91,2633816016,NA,1569814524.49,4169663.98,NA,NA,NA,3794608481,4645085492,NA,1311061.65,NA,NA,NA,11879727870.19,16586786958.79,NA,16722254513.18,NA,NA,NA,NA,30196931210.09,20112951874.91,NA,NA,NA,NA,NA,NA,NA,NA,NA,NA,NA,NA,NA,NA,NA,NA,NA,NA,NA,NA,NA,133698372.98,558827807.96,NA,NA,NA,5226798882.23,NA,NA,37415829.45,NA,NA,NA,NA,2633816016,15350023930,NA,NA,NA,286690807.38,2158920669.24,NA,NA,NA,635744229.6,NA,NA,135467554.39,NA,NA,NA,NA,10698679810.91,10744740705,NA,NA,NA,NA,1426575,NA,NA,NA,105000000,2964788176,253300000,1311061.65,NA,NA,NA,NA,NA,NA,NA,NA,NA,NA,NA,NA,NA,NA,NA,NA,NA,NA,NA,NA,NA,NA,NA,NA,NA,NA,NA,NA,NA,NA,NA,NA,NA,NA,NA,NA,NA,NA,NA,NA,NA,NA,NA,NA,NA,NA,NA,NA,NA,NA,NA,NA,NA,NA,NA,NA,NA,NA,NA,NA,NA,NA,NA,NA,NA,NA,NA,NA,NA,NA,NA,NA,NA,NA,NA,NA,NA,NA,NA,NA,NA,NA,NA,NA,NA,NA,NA,NA,NA,NA,NA,NA,NA,NA,NA,NA,NA,NA,NA,NA,NA,NA,NA,NA,NA,NA,NA,NA,NA,NA,NA,NA,NA,NA,NA,NA,NA,NA,NA,NA,NA,NA,NA,NA,NA,NA,NA,NA,NA,NA,NA,40607666540.7,40607666540.7,NA,NA,NA,NA,NA,NA,NA,6623616154,NA,NA,NA,NA,NA,NA,NA,NA,NA,NA,NA,NA,NA,NA,NA,NA,NA,NA,NA,NA,NA,NA,NA,NA,NA,NA,NA,NA,NA,NA,NA,NA,NA,NA,NA,NA,NA,NA,NA,NA,NA,NA,NA,NA,NA,NA,NA,NA,NA,NA,NA,NA,NA,NA,NA,NA,NA,NA,NA,NA,NA,NA,NA,NA,NA,NA,NA,NA,NA,NA,NA,NA,NA,NA,NA,NA,NA,NA,NA,NA,NA,NA,NA,NA,NA,NA,NA,NA,NA,NA,NA,NA,NA,NA,NA,NA,NA,NA,NA,NA,NA,NA,4169663.98,NA,NA,NA,NA,NA,NA,NA,NA,NA,NA,NA,NA,NA,NA,NA,NA,NA,NA,NA,NA,NA,NA,NA,NA,954343610,1333534776.76,1569814524.49,1536203,NA,NA,NA,4169663.98,NA,NA,NA,NA
Valenzuela City,NCR,2022,1,833842795.12,497864773.9,16800914.34,131096237.35,187980,NA,11361661818.97,1479604720.71,NA,43854302.69,1456944306.18,328155035.73,9037118.55,501527228.29,277521132.8,2299398526.96,NA,2875669533.34,5175068060.3,7710240762.07,NA,NA,678812373.43,114748328.22,NA,10425562.97,NA,1609711555.43,3082429615.62,583028268.48,134008156.9,NA,NA,NA,5409177596.43,7077245085.96,NA,NA,NA,NA,NA,NA,1479604720.71,7710240762.07,NA,NA,NA,NA,NA,1188566432.65,719473289.03,719473289.03,157044331.06,NA,NA,NA,NA,8701783287.2,8701783287.2,NA,7513216854.55,NA,NA,2211696648,NA,NA,2831553515.78,NA,NA,107165675.21,2462678710.84,NA,713775074.41,187980,5700432.81,NA,NA,NA,2211696648,5960000000,NA,5960000000,5960000000,NA,NA,NA,NA,NA,NA,NA,NA,NA,NA,NA,NA,NA,5305310073.63,3059570505,NA,682488184,NA,NA,6244663,NA,NA,NA,767363121,NA,162650000,134008156.9,NA,NA,NA,NA,NA,NA,NA,NA,NA,NA,NA,NA,NA,NA,NA,NA,NA,NA,NA,NA,NA,NA,NA,NA,NA,NA,NA,NA,NA,NA,NA,NA,NA,NA,NA,NA,NA,NA,NA,NA,NA,NA,NA,NA,NA,NA,NA,NA,NA,NA,NA,NA,NA,NA,NA,NA,NA,NA,NA,NA,NA,NA,NA,NA,NA,NA,NA,NA,NA,NA,NA,NA,NA,NA,NA,NA,NA,NA,NA,NA,NA,NA,NA,NA,NA,NA,NA,NA,NA,NA,NA,NA,NA,NA,NA,NA,NA,NA,NA,NA,NA,NA,NA,NA,NA,NA,NA,NA,NA,NA,NA,NA,NA,NA,NA,NA,NA,NA,NA,NA,NA,NA,NA,NA,NA,NA,NA,NA,NA,NA,NA,12885308822.37,NA,NA,NA,NA,NA,NA,NA,NA,NA,NA,NA,NA,NA,NA,NA,NA,NA,NA,NA,NA,NA,NA,NA,NA,NA,NA,NA,NA,NA,NA,NA,NA,NA,NA,NA,NA,NA,NA,NA,NA,NA,NA,NA,NA,NA,NA,NA,NA,NA,NA,NA,NA,NA,NA,NA,NA,NA,NA,NA,NA,NA,NA,NA,NA,NA,NA,NA,NA,NA,NA,NA,NA,NA,NA,NA,NA,NA,NA,NA,NA,NA,NA,NA,NA,NA,NA,NA,NA,NA,NA,NA,NA,NA,NA,NA,NA,NA,NA,NA,NA,NA,NA,NA,NA,NA,NA,NA,NA,NA,NA,NA,114748328.22,NA,NA,NA,NA,NA,NA,NA,NA,NA,NA,NA,NA,NA,NA,NA,NA,NA,NA,NA,669454029,NA,NA,1806278205,1160032464,93259836,623499250,678812373.43,14625334,NA,NA,NA,114748328.22,NA,NA,NA,NA
